{"cameraMode":{"drawMode":0,"name":"Shaded","section":"Shading Mode"},"sceneLighting":false,"audioPlay":false,"sceneViewState":{"m_AlwaysRefresh":false,"showFog":true,"showSkybox":false,"showFlares":true,"showImageEffects":true,"showParticleSystems":true,"showVisualEffectGraphs":true,"m_FxEnabled":true},"in2DMode":false,"pivot":{"x":-3.520375967025757,"y":-0.17747128009796143,"z":1.3980484008789063},"rotation":{"x":0.057984478771686557,"y":-0.9396585822105408,"z":0.2011590600013733,"w":0.27071666717529299},"size":5.725430488586426,"orthographic":false}