{"cameraMode":{"drawMode":0,"name":"Shaded","section":"Shading Mode"},"sceneLighting":false,"audioPlay":false,"sceneViewState":{"m_AlwaysRefresh":false,"showFog":true,"showSkybox":false,"showFlares":true,"showImageEffects":true,"showParticleSystems":true,"showVisualEffectGraphs":true,"m_FxEnabled":true},"in2DMode":false,"pivot":{"x":-3.442589282989502,"y":-2.2138121128082277,"z":3.7229349613189699},"rotation":{"x":0.18625667691230775,"y":-0.45097318291664126,"z":0.09684936702251435,"w":0.8675199151039124},"size":3.8573107719421388,"orthographic":false}