{"cameraMode":{"drawMode":0,"name":"Shaded","section":"Shading Mode"},"sceneLighting":false,"audioPlay":false,"sceneViewState":{"m_AlwaysRefresh":false,"showFog":true,"showSkybox":false,"showFlares":true,"showImageEffects":true,"showParticleSystems":true,"showVisualEffectGraphs":true,"m_FxEnabled":true},"in2DMode":false,"pivot":{"x":0.1827823519706726,"y":0.3791632354259491,"z":2.512319803237915},"rotation":{"x":0.059785641729831699,"y":-0.9239431619644165,"z":0.34146565198898318,"w":0.16184285283088685},"size":0.5487180948257446,"orthographic":false}