{"cameraMode":{"drawMode":0,"name":"Shaded","section":"Shading Mode"},"sceneLighting":false,"audioPlay":false,"sceneViewState":{"m_AlwaysRefresh":false,"showFog":true,"showSkybox":false,"showFlares":true,"showImageEffects":true,"showParticleSystems":true,"showVisualEffectGraphs":true,"m_FxEnabled":true},"in2DMode":false,"pivot":{"x":0.1821976900100708,"y":0.8799999952316284,"z":0.02849334478378296},"rotation":{"x":0.23895642161369325,"y":-0.20384706556797028,"z":0.051342759281396869,"w":0.9480425119400024},"size":0.6018463373184204,"orthographic":false}